{
  "project_info": {
    "project_number": "541288166983",
    "firebase_url": "https://aptsearch-b6b28.firebaseio.com",
    "project_id": "aptsearch-b6b28",
    "storage_bucket": "aptsearch-b6b28.appspot.com"
  },
  "client": [
    {
      "client_info": {
        "mobilesdk_app_id": "1:541288166983:android:445ccbe938dd76bf",
        "android_client_info": {
          "package_name": "co.coderiver.facebooklogin_sample"
        }
      },
      "oauth_client": [
        {
          "client_id": "541288166983-38f88tdip10r7ddrc6tj429tcrvl4160.apps.googleusercontent.com",
          "client_type": 3
        }
      ],
      "api_key": [
        {
          "current_key": "AIzaSyB09IdlNBjDlyQQ2D9zpHqrzvdzvb_CRZU"
        }
      ],
      "services": {
        "analytics_service": {
          "status": 1
        },
        "appinvite_service": {
          "status": 1,
          "other_platform_oauth_client": []
        },
        "ads_service": {
          "status": 2
        }
      }
    }
  ],
  "configuration_version": "1"
}